,county,FIPS,killed_victims,year_option
0,alameda,06001,1800.0,all
1,alpine,06003,41.0,all
2,amador,06005,216.0,all
3,butte,06007,666.0,all
4,calaveras,06009,219.0,all
5,colusa,06011,169.0,all
6,contra costa,06013,1352.0,all
7,del norte,06015,169.0,all
8,el dorado,06017,498.0,all
9,fresno,06019,2821.0,all
10,glenn,06021,164.0,all
11,humboldt,06023,483.0,all
12,imperial,06025,726.0,all
13,inyo,06027,159.0,all
14,kern,06029,2956.0,all
15,kings,06031,567.0,all
16,lake,06033,312.0,all
17,lassen,06035,187.0,all
18,los angeles,06037,14103.0,all
19,madera,06039,675.0,all
20,marin,06041,212.0,all
21,mariposa,06043,92.0,all
22,mendocino,06045,438.0,all
23,merced,06047,1074.0,all
24,modoc,06049,60.0,all
25,mono,06051,90.0,all
26,monterey,06053,942.0,all
27,napa,06055,308.0,all
28,nevada,06057,274.0,all
29,orange,06059,3648.0,all
30,placer,06061,595.0,all
31,plumas,06063,118.0,all
32,riverside,06065,5456.0,all
33,sacramento,06067,2713.0,all
34,san benito,06069,174.0,all
35,san bernardino,06071,6215.0,all
36,san diego,06073,5135.0,all
37,san francisco,06075,730.0,all
38,san joaquin,06077,2090.0,all
39,san luis obispo,06079,687.0,all
40,san mateo,06081,736.0,all
41,santa barbara,06083,737.0,all
42,santa clara,06085,2054.0,all
43,santa cruz,06087,401.0,all
44,shasta,06089,590.0,all
45,sierra,06091,49.0,all
46,siskiyou,06093,217.0,all
47,solano,06095,791.0,all
48,sonoma,06097,871.0,all
49,stanislaus,06099,1410.0,all
50,sutter,06101,331.0,all
51,tehama,06103,297.0,all
52,trinity,06105,110.0,all
53,tulare,06107,1581.0,all
54,tuolumne,06109,260.0,all
55,ventura,06111,1252.0,all
56,yolo,06113,476.0,all
57,yuba,06115,291.0,all
58,alameda,06001,111.0,2001
59,alpine,06003,3.0,2001
60,amador,06005,7.0,2001
61,butte,06007,36.0,2001
62,calaveras,06009,14.0,2001
63,colusa,06011,5.0,2001
64,contra costa,06013,55.0,2001
65,del norte,06015,5.0,2001
66,el dorado,06017,22.0,2001
67,fresno,06019,147.0,2001
68,glenn,06021,11.0,2001
69,humboldt,06023,19.0,2001
70,imperial,06025,45.0,2001
71,inyo,06027,14.0,2001
72,kern,06029,141.0,2001
73,kings,06031,33.0,2001
74,lake,06033,10.0,2001
75,lassen,06035,10.0,2001
76,los angeles,06037,763.0,2001
77,madera,06039,45.0,2001
78,marin,06041,12.0,2001
79,mariposa,06043,4.0,2001
80,mendocino,06045,24.0,2001
81,merced,06047,72.0,2001
82,modoc,06049,3.0,2001
83,mono,06051,12.0,2001
84,monterey,06053,57.0,2001
85,napa,06055,16.0,2001
86,nevada,06057,14.0,2001
87,orange,06059,207.0,2001
88,placer,06061,32.0,2001
89,plumas,06063,7.0,2001
90,riverside,06065,258.0,2001
91,sacramento,06067,141.0,2001
92,san benito,06069,13.0,2001
93,san bernardino,06071,330.0,2001
94,san diego,06073,288.0,2001
95,san francisco,06075,40.0,2001
96,san joaquin,06077,116.0,2001
97,san luis obispo,06079,43.0,2001
98,san mateo,06081,33.0,2001
99,santa barbara,06083,37.0,2001
100,santa clara,06085,111.0,2001
101,santa cruz,06087,25.0,2001
102,shasta,06089,43.0,2001
103,sierra,06091,4.0,2001
104,siskiyou,06093,11.0,2001
105,solano,06095,41.0,2001
106,sonoma,06097,57.0,2001
107,stanislaus,06099,84.0,2001
108,sutter,06101,13.0,2001
109,tehama,06103,12.0,2001
110,trinity,06105,7.0,2001
111,tulare,06107,79.0,2001
112,tuolumne,06109,12.0,2001
113,ventura,06111,73.0,2001
114,yolo,06113,24.0,2001
115,yuba,06115,15.0,2001
116,alameda,06001,110.0,2002
117,alpine,06003,1.0,2002
118,amador,06005,14.0,2002
119,butte,06007,46.0,2002
120,calaveras,06009,5.0,2002
121,colusa,06011,9.0,2002
122,contra costa,06013,67.0,2002
123,del norte,06015,7.0,2002
124,el dorado,06017,29.0,2002
125,fresno,06019,183.0,2002
126,glenn,06021,9.0,2002
127,humboldt,06023,22.0,2002
128,imperial,06025,47.0,2002
129,inyo,06027,7.0,2002
130,kern,06029,161.0,2002
131,kings,06031,38.0,2002
132,lake,06033,24.0,2002
133,lassen,06035,13.0,2002
134,los angeles,06037,724.0,2002
135,madera,06039,31.0,2002
136,marin,06041,16.0,2002
137,mariposa,06043,10.0,2002
138,mendocino,06045,25.0,2002
139,merced,06047,62.0,2002
140,modoc,06049,3.0,2002
141,mono,06051,6.0,2002
142,monterey,06053,56.0,2002
143,napa,06055,19.0,2002
144,nevada,06057,17.0,2002
145,orange,06059,193.0,2002
146,placer,06061,47.0,2002
147,plumas,06063,13.0,2002
148,riverside,06065,309.0,2002
149,sacramento,06067,142.0,2002
150,san benito,06069,10.0,2002
151,san bernardino,06071,328.0,2002
152,san diego,06073,294.0,2002
153,san francisco,06075,40.0,2002
154,san joaquin,06077,158.0,2002
155,san luis obispo,06079,41.0,2002
156,san mateo,06081,45.0,2002
157,santa barbara,06083,33.0,2002
158,santa clara,06085,112.0,2002
159,santa cruz,06087,23.0,2002
160,shasta,06089,36.0,2002
161,sierra,06091,4.0,2002
162,siskiyou,06093,10.0,2002
163,solano,06095,37.0,2002
164,sonoma,06097,48.0,2002
165,stanislaus,06099,89.0,2002
166,sutter,06101,22.0,2002
167,tehama,06103,16.0,2002
168,trinity,06105,5.0,2002
169,tulare,06107,96.0,2002
170,tuolumne,06109,21.0,2002
171,ventura,06111,66.0,2002
172,yolo,06113,18.0,2002
173,yuba,06115,22.0,2002
174,alameda,06001,113.0,2003
175,alpine,06003,6.0,2003
176,amador,06005,11.0,2003
177,butte,06007,29.0,2003
178,calaveras,06009,16.0,2003
179,colusa,06011,7.0,2003
180,contra costa,06013,69.0,2003
181,del norte,06015,11.0,2003
182,el dorado,06017,31.0,2003
183,fresno,06019,208.0,2003
184,glenn,06021,10.0,2003
185,humboldt,06023,30.0,2003
186,imperial,06025,45.0,2003
187,inyo,06027,14.0,2003
188,kern,06029,171.0,2003
189,kings,06031,41.0,2003
190,lake,06033,17.0,2003
191,lassen,06035,13.0,2003
192,los angeles,06037,806.0,2003
193,madera,06039,44.0,2003
194,marin,06041,13.0,2003
195,mariposa,06043,2.0,2003
196,mendocino,06045,30.0,2003
197,merced,06047,51.0,2003
198,modoc,06049,3.0,2003
199,mono,06051,8.0,2003
200,monterey,06053,59.0,2003
201,napa,06055,20.0,2003
202,nevada,06057,14.0,2003
203,orange,06059,214.0,2003
204,placer,06061,40.0,2003
205,plumas,06063,7.0,2003
206,riverside,06065,300.0,2003
207,sacramento,06067,149.0,2003
208,san benito,06069,10.0,2003
209,san bernardino,06071,353.0,2003
210,san diego,06073,288.0,2003
211,san francisco,06075,51.0,2003
212,san joaquin,06077,97.0,2003
213,san luis obispo,06079,33.0,2003
214,san mateo,06081,36.0,2003
215,santa barbara,06083,38.0,2003
216,santa clara,06085,93.0,2003
217,santa cruz,06087,23.0,2003
218,shasta,06089,32.0,2003
219,sierra,06091,3.0,2003
220,siskiyou,06093,12.0,2003
221,solano,06095,56.0,2003
222,sonoma,06097,56.0,2003
223,stanislaus,06099,90.0,2003
224,sutter,06101,16.0,2003
225,tehama,06103,16.0,2003
226,trinity,06105,5.0,2003
227,tulare,06107,98.0,2003
228,tuolumne,06109,33.0,2003
229,ventura,06111,78.0,2003
230,yolo,06113,25.0,2003
231,yuba,06115,21.0,2003
232,alameda,06001,102.0,2004
233,alpine,06003,1.0,2004
234,amador,06005,12.0,2004
235,butte,06007,33.0,2004
236,calaveras,06009,18.0,2004
237,colusa,06011,11.0,2004
238,contra costa,06013,67.0,2004
239,del norte,06015,10.0,2004
240,el dorado,06017,26.0,2004
241,fresno,06019,147.0,2004
242,glenn,06021,11.0,2004
243,humboldt,06023,20.0,2004
244,imperial,06025,56.0,2004
245,inyo,06027,7.0,2004
246,kern,06029,141.0,2004
247,kings,06031,37.0,2004
248,lake,06033,16.0,2004
249,lassen,06035,18.0,2004
250,los angeles,06037,745.0,2004
251,madera,06039,43.0,2004
252,marin,06041,10.0,2004
253,mariposa,06043,7.0,2004
254,mendocino,06045,15.0,2004
255,merced,06047,61.0,2004
256,modoc,06049,3.0,2004
257,mono,06051,6.0,2004
258,monterey,06053,87.0,2004
259,napa,06055,25.0,2004
260,nevada,06057,16.0,2004
261,orange,06059,215.0,2004
262,placer,06061,34.0,2004
263,plumas,06063,5.0,2004
264,riverside,06065,315.0,2004
265,sacramento,06067,129.0,2004
266,san benito,06069,10.0,2004
267,san bernardino,06071,402.0,2004
268,san diego,06073,291.0,2004
269,san francisco,06075,42.0,2004
270,san joaquin,06077,124.0,2004
271,san luis obispo,06079,44.0,2004
272,san mateo,06081,40.0,2004
273,santa barbara,06083,36.0,2004
274,santa clara,06085,88.0,2004
275,santa cruz,06087,17.0,2004
276,shasta,06089,35.0,2004
277,sierra,06091,3.0,2004
278,siskiyou,06093,11.0,2004
279,solano,06095,47.0,2004
280,sonoma,06097,49.0,2004
281,stanislaus,06099,79.0,2004
282,sutter,06101,19.0,2004
283,tehama,06103,22.0,2004
284,trinity,06105,9.0,2004
285,tulare,06107,97.0,2004
286,tuolumne,06109,15.0,2004
287,ventura,06111,70.0,2004
288,yolo,06113,29.0,2004
289,yuba,06115,12.0,2004
290,alameda,06001,101.0,2005
291,alpine,06003,2.0,2005
292,amador,06005,17.0,2005
293,butte,06007,37.0,2005
294,calaveras,06009,11.0,2005
295,colusa,06011,10.0,2005
296,contra costa,06013,76.0,2005
297,del norte,06015,10.0,2005
298,el dorado,06017,23.0,2005
299,fresno,06019,164.0,2005
300,glenn,06021,7.0,2005
301,humboldt,06023,19.0,2005
302,imperial,06025,45.0,2005
303,inyo,06027,11.0,2005
304,kern,06029,176.0,2005
305,kings,06031,47.0,2005
306,lake,06033,13.0,2005
307,lassen,06035,14.0,2005
308,los angeles,06037,737.0,2005
309,madera,06039,38.0,2005
310,marin,06041,10.0,2005
311,mariposa,06043,5.0,2005
312,mendocino,06045,36.0,2005
313,merced,06047,68.0,2005
314,modoc,06049,1.0,2005
315,mono,06051,4.0,2005
316,monterey,06053,54.0,2005
317,napa,06055,23.0,2005
318,nevada,06057,18.0,2005
319,orange,06059,204.0,2005
320,placer,06061,46.0,2005
321,plumas,06063,12.0,2005
322,riverside,06065,330.0,2005
323,sacramento,06067,157.0,2005
324,san benito,06069,11.0,2005
325,san bernardino,06071,419.0,2005
326,san diego,06073,304.0,2005
327,san francisco,06075,34.0,2005
328,san joaquin,06077,118.0,2005
329,san luis obispo,06079,54.0,2005
330,san mateo,06081,39.0,2005
331,santa barbara,06083,69.0,2005
332,santa clara,06085,106.0,2005
333,santa cruz,06087,23.0,2005
334,shasta,06089,38.0,2005
335,sierra,06091,5.0,2005
336,siskiyou,06093,7.0,2005
337,solano,06095,46.0,2005
338,sonoma,06097,59.0,2005
339,stanislaus,06099,95.0,2005
340,sutter,06101,23.0,2005
341,tehama,06103,13.0,2005
342,trinity,06105,5.0,2005
343,tulare,06107,113.0,2005
344,tuolumne,06109,25.0,2005
345,ventura,06111,71.0,2005
346,yolo,06113,24.0,2005
347,yuba,06115,20.0,2005
348,alameda,06001,92.0,2006
349,alpine,06003,4.0,2006
350,amador,06005,11.0,2006
351,butte,06007,34.0,2006
352,calaveras,06009,7.0,2006
353,colusa,06011,6.0,2006
354,contra costa,06013,84.0,2006
355,del norte,06015,12.0,2006
356,el dorado,06017,33.0,2006
357,fresno,06019,144.0,2006
358,glenn,06021,7.0,2006
359,humboldt,06023,19.0,2006
360,imperial,06025,40.0,2006
361,inyo,06027,15.0,2006
362,kern,06029,190.0,2006
363,kings,06031,40.0,2006
364,lake,06033,18.0,2006
365,lassen,06035,8.0,2006
366,los angeles,06037,756.0,2006
367,madera,06039,48.0,2006
368,marin,06041,8.0,2006
369,mariposa,06043,5.0,2006
370,mendocino,06045,13.0,2006
371,merced,06047,55.0,2006
372,modoc,06049,7.0,2006
373,mono,06051,3.0,2006
374,monterey,06053,43.0,2006
375,napa,06055,12.0,2006
376,nevada,06057,21.0,2006
377,orange,06059,195.0,2006
378,placer,06061,36.0,2006
379,plumas,06063,5.0,2006
380,riverside,06065,330.0,2006
381,sacramento,06067,119.0,2006
382,san benito,06069,6.0,2006
383,san bernardino,06071,375.0,2006
384,san diego,06073,281.0,2006
385,san francisco,06075,35.0,2006
386,san joaquin,06077,113.0,2006
387,san luis obispo,06079,38.0,2006
388,san mateo,06081,40.0,2006
389,santa barbara,06083,43.0,2006
390,santa clara,06085,90.0,2006
391,santa cruz,06087,21.0,2006
392,shasta,06089,20.0,2006
393,sierra,06091,3.0,2006
394,siskiyou,06093,14.0,2006
395,solano,06095,41.0,2006
396,sonoma,06097,52.0,2006
397,stanislaus,06099,76.0,2006
398,sutter,06101,17.0,2006
399,tehama,06103,22.0,2006
400,trinity,06105,4.0,2006
401,tulare,06107,87.0,2006
402,tuolumne,06109,14.0,2006
403,ventura,06111,82.0,2006
404,yolo,06113,23.0,2006
405,yuba,06115,15.0,2006
406,alameda,06001,104.0,2007
407,alpine,06003,2.0,2007
408,amador,06005,14.0,2007
409,butte,06007,36.0,2007
410,calaveras,06009,16.0,2007
411,colusa,06011,11.0,2007
412,contra costa,06013,70.0,2007
413,del norte,06015,10.0,2007
414,el dorado,06017,31.0,2007
415,fresno,06019,155.0,2007
416,glenn,06021,14.0,2007
417,humboldt,06023,24.0,2007
418,imperial,06025,42.0,2007
419,inyo,06027,9.0,2007
420,kern,06029,149.0,2007
421,kings,06031,32.0,2007
422,lake,06033,17.0,2007
423,lassen,06035,6.0,2007
424,los angeles,06037,755.0,2007
425,madera,06039,45.0,2007
426,marin,06041,11.0,2007
427,mariposa,06043,6.0,2007
428,mendocino,06045,16.0,2007
429,merced,06047,47.0,2007
430,modoc,06049,1.0,2007
431,mono,06051,2.0,2007
432,monterey,06053,45.0,2007
433,napa,06055,15.0,2007
434,nevada,06057,12.0,2007
435,orange,06059,192.0,2007
436,placer,06061,26.0,2007
437,plumas,06063,5.0,2007
438,riverside,06065,313.0,2007
439,sacramento,06067,140.0,2007
440,san benito,06069,6.0,2007
441,san bernardino,06071,351.0,2007
442,san diego,06073,293.0,2007
443,san francisco,06075,52.0,2007
444,san joaquin,06077,105.0,2007
445,san luis obispo,06079,52.0,2007
446,san mateo,06081,27.0,2007
447,santa barbara,06083,48.0,2007
448,santa clara,06085,100.0,2007
449,santa cruz,06087,26.0,2007
450,shasta,06089,24.0,2007
451,sierra,06091,1.0,2007
452,siskiyou,06093,15.0,2007
453,solano,06095,50.0,2007
454,sonoma,06097,51.0,2007
455,stanislaus,06099,79.0,2007
456,sutter,06101,18.0,2007
457,tehama,06103,10.0,2007
458,trinity,06105,13.0,2007
459,tulare,06107,92.0,2007
460,tuolumne,06109,9.0,2007
461,ventura,06111,73.0,2007
462,yolo,06113,31.0,2007
463,yuba,06115,5.0,2007
464,alameda,06001,87.0,2008
465,alpine,06003,1.0,2008
466,amador,06005,6.0,2008
467,butte,06007,31.0,2008
468,calaveras,06009,7.0,2008
469,colusa,06011,16.0,2008
470,contra costa,06013,58.0,2008
471,del norte,06015,6.0,2008
472,el dorado,06017,25.0,2008
473,fresno,06019,134.0,2008
474,glenn,06021,9.0,2008
475,humboldt,06023,22.0,2008
476,imperial,06025,38.0,2008
477,inyo,06027,9.0,2008
478,kern,06029,113.0,2008
479,kings,06031,29.0,2008
480,lake,06033,15.0,2008
481,lassen,06035,9.0,2008
482,los angeles,06037,709.0,2008
483,madera,06039,35.0,2008
484,marin,06041,6.0,2008
485,mariposa,06043,3.0,2008
486,mendocino,06045,27.0,2008
487,merced,06047,57.0,2008
488,modoc,06049,4.0,2008
489,mono,06051,3.0,2008
490,monterey,06053,49.0,2008
491,napa,06055,18.0,2008
492,nevada,06057,17.0,2008
493,orange,06059,161.0,2008
494,placer,06061,22.0,2008
495,plumas,06063,3.0,2008
496,riverside,06065,249.0,2008
497,sacramento,06067,91.0,2008
498,san benito,06069,4.0,2008
499,san bernardino,06071,286.0,2008
500,san diego,06073,261.0,2008
501,san francisco,06075,35.0,2008
502,san joaquin,06077,86.0,2008
503,san luis obispo,06079,27.0,2008
504,san mateo,06081,36.0,2008
505,santa barbara,06083,37.0,2008
506,santa clara,06085,102.0,2008
507,santa cruz,06087,29.0,2008
508,shasta,06089,21.0,2008
509,sierra,06091,3.0,2008
510,siskiyou,06093,7.0,2008
511,solano,06095,34.0,2008
512,sonoma,06097,38.0,2008
513,stanislaus,06099,54.0,2008
514,sutter,06101,17.0,2008
515,tehama,06103,13.0,2008
516,trinity,06105,5.0,2008
517,tulare,06107,72.0,2008
518,tuolumne,06109,4.0,2008
519,ventura,06111,74.0,2008
520,yolo,06113,23.0,2008
521,yuba,06115,13.0,2008
522,alameda,06001,71.0,2009
523,alpine,06003,1.0,2009
524,amador,06005,13.0,2009
525,butte,06007,21.0,2009
526,calaveras,06009,11.0,2009
527,colusa,06011,10.0,2009
528,contra costa,06013,67.0,2009
529,del norte,06015,6.0,2009
530,el dorado,06017,20.0,2009
531,fresno,06019,120.0,2009
532,glenn,06021,7.0,2009
533,humboldt,06023,26.0,2009
534,imperial,06025,37.0,2009
535,inyo,06027,6.0,2009
536,kern,06029,156.0,2009
537,kings,06031,27.0,2009
538,lake,06033,11.0,2009
539,lassen,06035,3.0,2009
540,los angeles,06037,585.0,2009
541,madera,06039,31.0,2009
542,marin,06041,10.0,2009
543,mariposa,06043,5.0,2009
544,mendocino,06045,25.0,2009
545,merced,06047,53.0,2009
546,modoc,06049,2.0,2009
547,mono,06051,0.0,2009
548,monterey,06053,34.0,2009
549,napa,06055,14.0,2009
550,nevada,06057,11.0,2009
551,orange,06059,154.0,2009
552,placer,06061,24.0,2009
553,plumas,06063,2.0,2009
554,riverside,06065,218.0,2009
555,sacramento,06067,110.0,2009
556,san benito,06069,5.0,2009
557,san bernardino,06071,233.0,2009
558,san diego,06073,227.0,2009
559,san francisco,06075,39.0,2009
560,san joaquin,06077,63.0,2009
561,san luis obispo,06079,29.0,2009
562,san mateo,06081,39.0,2009
563,santa barbara,06083,39.0,2009
564,santa clara,06085,90.0,2009
565,santa cruz,06087,26.0,2009
566,shasta,06089,23.0,2009
567,sierra,06091,2.0,2009
568,siskiyou,06093,9.0,2009
569,solano,06095,29.0,2009
570,sonoma,06097,39.0,2009
571,stanislaus,06099,57.0,2009
572,sutter,06101,7.0,2009
573,tehama,06103,11.0,2009
574,trinity,06105,4.0,2009
575,tulare,06107,72.0,2009
576,tuolumne,06109,17.0,2009
577,ventura,06111,62.0,2009
578,yolo,06113,12.0,2009
579,yuba,06115,12.0,2009
580,alameda,06001,64.0,2010
581,alpine,06003,1.0,2010
582,amador,06005,7.0,2010
583,butte,06007,46.0,2010
584,calaveras,06009,12.0,2010
585,colusa,06011,6.0,2010
586,contra costa,06013,44.0,2010
587,del norte,06015,6.0,2010
588,el dorado,06017,18.0,2010
589,fresno,06019,110.0,2010
590,glenn,06021,7.0,2010
591,humboldt,06023,16.0,2010
592,imperial,06025,29.0,2010
593,inyo,06027,6.0,2010
594,kern,06029,104.0,2010
595,kings,06031,24.0,2010
596,lake,06033,16.0,2010
597,lassen,06035,9.0,2010
598,los angeles,06037,565.0,2010
599,madera,06039,27.0,2010
600,marin,06041,2.0,2010
601,mariposa,06043,6.0,2010
602,mendocino,06045,20.0,2010
603,merced,06047,31.0,2010
604,modoc,06049,2.0,2010
605,mono,06051,4.0,2010
606,monterey,06053,36.0,2010
607,napa,06055,12.0,2010
608,nevada,06057,10.0,2010
609,orange,06059,106.0,2010
610,placer,06061,23.0,2010
611,plumas,06063,4.0,2010
612,riverside,06065,200.0,2010
613,sacramento,06067,121.0,2010
614,san benito,06069,4.0,2010
615,san bernardino,06071,218.0,2010
616,san diego,06073,187.0,2010
617,san francisco,06075,31.0,2010
618,san joaquin,06077,79.0,2010
619,san luis obispo,06079,17.0,2010
620,san mateo,06081,18.0,2010
621,santa barbara,06083,32.0,2010
622,santa clara,06085,85.0,2010
623,santa cruz,06087,12.0,2010
624,shasta,06089,17.0,2010
625,sierra,06091,3.0,2010
626,siskiyou,06093,7.0,2010
627,solano,06095,29.0,2010
628,sonoma,06097,38.0,2010
629,stanislaus,06099,50.0,2010
630,sutter,06101,13.0,2010
631,tehama,06103,13.0,2010
632,trinity,06105,5.0,2010
633,tulare,06107,68.0,2010
634,tuolumne,06109,6.0,2010
635,ventura,06111,42.0,2010
636,yolo,06113,15.0,2010
637,yuba,06115,13.0,2010
638,alameda,06001,59.0,2011
639,alpine,06003,1.0,2011
640,amador,06005,12.0,2011
641,butte,06007,18.0,2011
642,calaveras,06009,7.0,2011
643,colusa,06011,8.0,2011
644,contra costa,06013,51.0,2011
645,del norte,06015,10.0,2011
646,el dorado,06017,18.0,2011
647,fresno,06019,118.0,2011
648,glenn,06021,6.0,2011
649,humboldt,06023,27.0,2011
650,imperial,06025,13.0,2011
651,inyo,06027,6.0,2011
652,kern,06029,104.0,2011
653,kings,06031,12.0,2011
654,lake,06033,16.0,2011
655,lassen,06035,9.0,2011
656,los angeles,06037,536.0,2011
657,madera,06039,24.0,2011
658,marin,06041,6.0,2011
659,mariposa,06043,3.0,2011
660,mendocino,06045,17.0,2011
661,merced,06047,42.0,2011
662,modoc,06049,5.0,2011
663,mono,06051,1.0,2011
664,monterey,06053,50.0,2011
665,napa,06055,7.0,2011
666,nevada,06057,7.0,2011
667,orange,06059,140.0,2011
668,placer,06061,28.0,2011
669,plumas,06063,9.0,2011
670,riverside,06065,198.0,2011
671,sacramento,06067,108.0,2011
672,san benito,06069,6.0,2011
673,san bernardino,06071,236.0,2011
674,san diego,06073,203.0,2011
675,san francisco,06075,33.0,2011
676,san joaquin,06077,83.0,2011
677,san luis obispo,06079,24.0,2011
678,san mateo,06081,47.0,2011
679,santa barbara,06083,26.0,2011
680,santa clara,06085,91.0,2011
681,santa cruz,06087,9.0,2011
682,shasta,06089,22.0,2011
683,sierra,06091,2.0,2011
684,siskiyou,06093,16.0,2011
685,solano,06095,28.0,2011
686,sonoma,06097,28.0,2011
687,stanislaus,06099,55.0,2011
688,sutter,06101,13.0,2011
689,tehama,06103,13.0,2011
690,trinity,06105,6.0,2011
691,tulare,06107,56.0,2011
692,tuolumne,06109,10.0,2011
693,ventura,06111,73.0,2011
694,yolo,06113,19.0,2011
695,yuba,06115,11.0,2011
696,alameda,06001,77.0,2012
697,alpine,06003,1.0,2012
698,amador,06005,4.0,2012
699,butte,06007,24.0,2012
700,calaveras,06009,10.0,2012
701,colusa,06011,5.0,2012
702,contra costa,06013,61.0,2012
703,del norte,06015,9.0,2012
704,el dorado,06017,21.0,2012
705,fresno,06019,112.0,2012
706,glenn,06021,4.0,2012
707,humboldt,06023,30.0,2012
708,imperial,06025,31.0,2012
709,inyo,06027,6.0,2012
710,kern,06029,127.0,2012
711,kings,06031,22.0,2012
712,lake,06033,17.0,2012
713,lassen,06035,8.0,2012
714,los angeles,06037,625.0,2012
715,madera,06039,28.0,2012
716,marin,06041,10.0,2012
717,mariposa,06043,5.0,2012
718,mendocino,06045,20.0,2012
719,merced,06047,46.0,2012
720,modoc,06049,1.0,2012
721,mono,06051,5.0,2012
722,monterey,06053,24.0,2012
723,napa,06055,7.0,2012
724,nevada,06057,16.0,2012
725,orange,06059,153.0,2012
726,placer,06061,27.0,2012
727,plumas,06063,8.0,2012
728,riverside,06065,212.0,2012
729,sacramento,06067,107.0,2012
730,san benito,06069,10.0,2012
731,san bernardino,06071,240.0,2012
732,san diego,06073,218.0,2012
733,san francisco,06075,31.0,2012
734,san joaquin,06077,61.0,2012
735,san luis obispo,06079,28.0,2012
736,san mateo,06081,40.0,2012
737,santa barbara,06083,31.0,2012
738,santa clara,06085,85.0,2012
739,santa cruz,06087,10.0,2012
740,shasta,06089,27.0,2012
741,sierra,06091,4.0,2012
742,siskiyou,06093,14.0,2012
743,solano,06095,19.0,2012
744,sonoma,06097,37.0,2012
745,stanislaus,06099,43.0,2012
746,sutter,06101,8.0,2012
747,tehama,06103,9.0,2012
748,trinity,06105,1.0,2012
749,tulare,06107,68.0,2012
750,tuolumne,06109,6.0,2012
751,ventura,06111,49.0,2012
752,yolo,06113,22.0,2012
753,yuba,06115,19.0,2012
754,alameda,06001,85.0,2013
755,alpine,06003,1.0,2013
756,amador,06005,5.0,2013
757,butte,06007,20.0,2013
758,calaveras,06009,7.0,2013
759,colusa,06011,9.0,2013
760,contra costa,06013,49.0,2013
761,del norte,06015,8.0,2013
762,el dorado,06017,25.0,2013
763,fresno,06019,113.0,2013
764,glenn,06021,5.0,2013
765,humboldt,06023,28.0,2013
766,imperial,06025,27.0,2013
767,inyo,06027,3.0,2013
768,kern,06029,126.0,2013
769,kings,06031,17.0,2013
770,lake,06033,22.0,2013
771,lassen,06035,9.0,2013
772,los angeles,06037,629.0,2013
773,madera,06039,20.0,2013
774,marin,06041,12.0,2013
775,mariposa,06043,3.0,2013
776,mendocino,06045,15.0,2013
777,merced,06047,46.0,2013
778,modoc,06049,3.0,2013
779,mono,06051,1.0,2013
780,monterey,06053,30.0,2013
781,napa,06055,16.0,2013
782,nevada,06057,15.0,2013
783,orange,06059,185.0,2013
784,placer,06061,20.0,2013
785,plumas,06063,2.0,2013
786,riverside,06065,220.0,2013
787,sacramento,06067,122.0,2013
788,san benito,06069,7.0,2013
789,san bernardino,06071,259.0,2013
790,san diego,06073,198.0,2013
791,san francisco,06075,35.0,2013
792,san joaquin,06077,97.0,2013
793,san luis obispo,06079,27.0,2013
794,san mateo,06081,57.0,2013
795,santa barbara,06083,31.0,2013
796,santa clara,06085,94.0,2013
797,santa cruz,06087,12.0,2013
798,shasta,06089,23.0,2013
799,sierra,06091,2.0,2013
800,siskiyou,06093,5.0,2013
801,solano,06095,38.0,2013
802,sonoma,06097,30.0,2013
803,stanislaus,06099,52.0,2013
804,sutter,06101,14.0,2013
805,tehama,06103,10.0,2013
806,trinity,06105,3.0,2013
807,tulare,06107,50.0,2013
808,tuolumne,06109,12.0,2013
809,ventura,06111,64.0,2013
810,yolo,06113,18.0,2013
811,yuba,06115,17.0,2013
812,alameda,06001,85.0,2014
813,alpine,06003,1.0,2014
814,amador,06005,6.0,2014
815,butte,06007,24.0,2014
816,calaveras,06009,6.0,2014
817,colusa,06011,3.0,2014
818,contra costa,06013,42.0,2014
819,del norte,06015,9.0,2014
820,el dorado,06017,23.0,2014
821,fresno,06019,135.0,2014
822,glenn,06021,12.0,2014
823,humboldt,06023,30.0,2014
824,imperial,06025,42.0,2014
825,inyo,06027,0.0,2014
826,kern,06029,109.0,2014
827,kings,06031,12.0,2014
828,lake,06033,8.0,2014
829,lassen,06035,5.0,2014
830,los angeles,06037,635.0,2014
831,madera,06039,29.0,2014
832,marin,06041,8.0,2014
833,mariposa,06043,5.0,2014
834,mendocino,06045,17.0,2014
835,merced,06047,37.0,2014
836,modoc,06049,3.0,2014
837,mono,06051,5.0,2014
838,monterey,06053,27.0,2014
839,napa,06055,7.0,2014
840,nevada,06057,4.0,2014
841,orange,06059,173.0,2014
842,placer,06061,11.0,2014
843,plumas,06063,5.0,2014
844,riverside,06065,241.0,2014
845,sacramento,06067,111.0,2014
846,san benito,06069,9.0,2014
847,san bernardino,06071,277.0,2014
848,san diego,06073,228.0,2014
849,san francisco,06075,31.0,2014
850,san joaquin,06077,83.0,2014
851,san luis obispo,06079,33.0,2014
852,san mateo,06081,26.0,2014
853,santa barbara,06083,22.0,2014
854,santa clara,06085,106.0,2014
855,santa cruz,06087,21.0,2014
856,shasta,06089,27.0,2014
857,sierra,06091,0.0,2014
858,siskiyou,06093,6.0,2014
859,solano,06095,49.0,2014
860,sonoma,06097,39.0,2014
861,stanislaus,06099,61.0,2014
862,sutter,06101,10.0,2014
863,tehama,06103,14.0,2014
864,trinity,06105,6.0,2014
865,tulare,06107,64.0,2014
866,tuolumne,06109,10.0,2014
867,ventura,06111,46.0,2014
868,yolo,06113,19.0,2014
869,yuba,06115,7.0,2014
870,alameda,06001,93.0,2015
871,alpine,06003,2.0,2015
872,amador,06005,7.0,2015
873,butte,06007,33.0,2015
874,calaveras,06009,10.0,2015
875,colusa,06011,5.0,2015
876,contra costa,06013,77.0,2015
877,del norte,06015,12.0,2015
878,el dorado,06017,26.0,2015
879,fresno,06019,99.0,2015
880,glenn,06021,5.0,2015
881,humboldt,06023,23.0,2015
882,imperial,06025,27.0,2015
883,inyo,06027,6.0,2015
884,kern,06029,135.0,2015
885,kings,06031,35.0,2015
886,lake,06033,16.0,2015
887,lassen,06035,7.0,2015
888,los angeles,06037,656.0,2015
889,madera,06039,28.0,2015
890,marin,06041,7.0,2015
891,mariposa,06043,3.0,2015
892,mendocino,06045,8.0,2015
893,merced,06047,53.0,2015
894,modoc,06049,3.0,2015
895,mono,06051,5.0,2015
896,monterey,06053,49.0,2015
897,napa,06055,15.0,2015
898,nevada,06057,13.0,2015
899,orange,06059,184.0,2015
900,placer,06061,21.0,2015
901,plumas,06063,4.0,2015
902,riverside,06065,248.0,2015
903,sacramento,06067,137.0,2015
904,san benito,06069,8.0,2015
905,san bernardino,06071,256.0,2015
906,san diego,06073,248.0,2015
907,san francisco,06075,38.0,2015
908,san joaquin,06077,99.0,2015
909,san luis obispo,06079,35.0,2015
910,san mateo,06081,34.0,2015
911,santa barbara,06083,37.0,2015
912,santa clara,06085,134.0,2015
913,santa cruz,06087,19.0,2015
914,shasta,06089,41.0,2015
915,sierra,06091,1.0,2015
916,siskiyou,06093,12.0,2015
917,solano,06095,46.0,2015
918,sonoma,06097,46.0,2015
919,stanislaus,06099,49.0,2015
920,sutter,06101,19.0,2015
921,tehama,06103,19.0,2015
922,trinity,06105,3.0,2015
923,tulare,06107,74.0,2015
924,tuolumne,06109,16.0,2015
925,ventura,06111,53.0,2015
926,yolo,06113,26.0,2015
927,yuba,06115,10.0,2015
928,alameda,06001,82.0,2016
929,alpine,06003,5.0,2016
930,amador,06005,14.0,2016
931,butte,06007,35.0,2016
932,calaveras,06009,9.0,2016
933,colusa,06011,6.0,2016
934,contra costa,06013,80.0,2016
935,del norte,06015,6.0,2016
936,el dorado,06017,19.0,2016
937,fresno,06019,148.0,2016
938,glenn,06021,11.0,2016
939,humboldt,06023,23.0,2016
940,imperial,06025,32.0,2016
941,inyo,06027,6.0,2016
942,kern,06029,145.0,2016
943,kings,06031,30.0,2016
944,lake,06033,14.0,2016
945,lassen,06035,10.0,2016
946,los angeles,06037,838.0,2016
947,madera,06039,39.0,2016
948,marin,06041,12.0,2016
949,mariposa,06043,5.0,2016
950,mendocino,06045,24.0,2016
951,merced,06047,66.0,2016
952,modoc,06049,1.0,2016
953,mono,06051,1.0,2016
954,monterey,06053,54.0,2016
955,napa,06055,12.0,2016
956,nevada,06057,13.0,2016
957,orange,06059,202.0,2016
958,placer,06061,41.0,2016
959,plumas,06063,9.0,2016
960,riverside,06065,289.0,2016
961,sacramento,06067,166.0,2016
962,san benito,06069,11.0,2016
963,san bernardino,06071,265.0,2016
964,san diego,06073,241.0,2016
965,san francisco,06075,37.0,2016
966,san joaquin,06077,117.0,2016
967,san luis obispo,06079,31.0,2016
968,san mateo,06081,48.0,2016
969,santa barbara,06083,33.0,2016
970,santa clara,06085,112.0,2016
971,santa cruz,06087,21.0,2016
972,shasta,06089,24.0,2016
973,sierra,06091,0.0,2016
974,siskiyou,06093,10.0,2016
975,solano,06095,39.0,2016
976,sonoma,06097,46.0,2016
977,stanislaus,06099,80.0,2016
978,sutter,06101,7.0,2016
979,tehama,06103,15.0,2016
980,trinity,06105,7.0,2016
981,tulare,06107,77.0,2016
982,tuolumne,06109,11.0,2016
983,ventura,06111,57.0,2016
984,yolo,06113,36.0,2016
985,yuba,06115,12.0,2016
986,alameda,06001,99.0,2017
987,alpine,06003,4.0,2017
988,amador,06005,12.0,2017
989,butte,06007,38.0,2017
990,calaveras,06009,18.0,2017
991,colusa,06011,11.0,2017
992,contra costa,06013,66.0,2017
993,del norte,06015,5.0,2017
994,el dorado,06017,27.0,2017
995,fresno,06019,151.0,2017
996,glenn,06021,9.0,2017
997,humboldt,06023,40.0,2017
998,imperial,06025,24.0,2017
999,inyo,06027,10.0,2017
1000,kern,06029,181.0,2017
1001,kings,06031,26.0,2017
1002,lake,06033,17.0,2017
1003,lassen,06035,8.0,2017
1004,los angeles,06037,751.0,2017
1005,madera,06039,22.0,2017
1006,marin,06041,14.0,2017
1007,mariposa,06043,7.0,2017
1008,mendocino,06045,28.0,2017
1009,merced,06047,71.0,2017
1010,modoc,06049,0.0,2017
1011,mono,06051,5.0,2017
1012,monterey,06053,56.0,2017
1013,napa,06055,16.0,2017
1014,nevada,06057,16.0,2017
1015,orange,06059,212.0,2017
1016,placer,06061,30.0,2017
1017,plumas,06063,5.0,2017
1018,riverside,06065,300.0,2017
1019,sacramento,06067,167.0,2017
1020,san benito,06069,8.0,2017
1021,san bernardino,06071,340.0,2017
1022,san diego,06073,236.0,2017
1023,san francisco,06075,25.0,2017
1024,san joaquin,06077,118.0,2017
1025,san luis obispo,06079,32.0,2017
1026,san mateo,06081,30.0,2017
1027,santa barbara,06083,41.0,2017
1028,santa clara,06085,114.0,2017
1029,santa cruz,06087,18.0,2017
1030,shasta,06089,29.0,2017
1031,sierra,06091,3.0,2017
1032,siskiyou,06093,15.0,2017
1033,solano,06095,29.0,2017
1034,sonoma,06097,42.0,2017
1035,stanislaus,06099,76.0,2017
1036,sutter,06101,23.0,2017
1037,tehama,06103,10.0,2017
1038,trinity,06105,3.0,2017
1039,tulare,06107,85.0,2017
1040,tuolumne,06109,14.0,2017
1041,ventura,06111,55.0,2017
1042,yolo,06113,20.0,2017
1043,yuba,06115,11.0,2017
1044,alameda,06001,83.0,2018
1045,alpine,06003,2.0,2018
1046,amador,06005,11.0,2018
1047,butte,06007,36.0,2018
1048,calaveras,06009,12.0,2018
1049,colusa,06011,12.0,2018
1050,contra costa,06013,79.0,2018
1051,del norte,06015,10.0,2018
1052,el dorado,06017,32.0,2018
1053,fresno,06019,119.0,2018
1054,glenn,06021,9.0,2018
1055,humboldt,06023,20.0,2018
1056,imperial,06025,37.0,2018
1057,inyo,06027,0.0,2018
1058,kern,06029,144.0,2018
1059,kings,06031,21.0,2018
1060,lake,06033,11.0,2018
1061,lassen,06035,12.0,2018
1062,los angeles,06037,736.0,2018
1063,madera,06039,34.0,2018
1064,marin,06041,16.0,2018
1065,mariposa,06043,3.0,2018
1066,mendocino,06045,35.0,2018
1067,merced,06047,52.0,2018
1068,modoc,06049,2.0,2018
1069,mono,06051,10.0,2018
1070,monterey,06053,45.0,2018
1071,napa,06055,14.0,2018
1072,nevada,06057,17.0,2018
1073,orange,06059,201.0,2018
1074,placer,06061,27.0,2018
1075,plumas,06063,5.0,2018
1076,riverside,06065,315.0,2018
1077,sacramento,06067,139.0,2018
1078,san benito,06069,12.0,2018
1079,san bernardino,06071,318.0,2018
1080,san diego,06073,263.0,2018
1081,san francisco,06075,28.0,2018
1082,san joaquin,06077,111.0,2018
1083,san luis obispo,06079,39.0,2018
1084,san mateo,06081,28.0,2018
1085,santa barbara,06083,35.0,2018
1086,santa clara,06085,119.0,2018
1087,santa cruz,06087,21.0,2018
1088,shasta,06089,30.0,2018
1089,sierra,06091,1.0,2018
1090,siskiyou,06093,15.0,2018
1091,solano,06095,54.0,2018
1092,sonoma,06097,41.0,2018
1093,stanislaus,06099,85.0,2018
1094,sutter,06101,24.0,2018
1095,tehama,06103,21.0,2018
1096,trinity,06105,6.0,2018
1097,tulare,06107,70.0,2018
1098,tuolumne,06109,8.0,2018
1099,ventura,06111,54.0,2018
1100,yolo,06113,30.0,2018
1101,yuba,06115,20.0,2018
1102,alameda,06001,94.0,2019
1103,alpine,06003,2.0,2019
1104,amador,06005,15.0,2019
1105,butte,06007,33.0,2019
1106,calaveras,06009,11.0,2019
1107,colusa,06011,12.0,2019
1108,contra costa,06013,77.0,2019
1109,del norte,06015,11.0,2019
1110,el dorado,06017,28.0,2019
1111,fresno,06019,130.0,2019
1112,glenn,06021,7.0,2019
1113,humboldt,06023,22.0,2019
1114,imperial,06025,30.0,2019
1115,inyo,06027,12.0,2019
1116,kern,06029,150.0,2019
1117,kings,06031,16.0,2019
1118,lake,06033,15.0,2019
1119,lassen,06035,6.0,2019
1120,los angeles,06037,723.0,2019
1121,madera,06039,36.0,2019
1122,marin,06041,19.0,2019
1123,mariposa,06043,4.0,2019
1124,mendocino,06045,20.0,2019
1125,merced,06047,50.0,2019
1126,modoc,06049,6.0,2019
1127,mono,06051,5.0,2019
1128,monterey,06053,33.0,2019
1129,napa,06055,18.0,2019
1130,nevada,06057,8.0,2019
1131,orange,06059,179.0,2019
1132,placer,06061,22.0,2019
1133,plumas,06063,3.0,2019
1134,riverside,06065,284.0,2019
1135,sacramento,06067,176.0,2019
1136,san benito,06069,11.0,2019
1137,san bernardino,06071,321.0,2019
1138,san diego,06073,250.0,2019
1139,san francisco,06075,38.0,2019
1140,san joaquin,06077,120.0,2019
1141,san luis obispo,06079,34.0,2019
1142,san mateo,06081,27.0,2019
1143,santa barbara,06083,37.0,2019
1144,santa clara,06085,128.0,2019
1145,santa cruz,06087,19.0,2019
1146,shasta,06089,34.0,2019
1147,sierra,06091,3.0,2019
1148,siskiyou,06093,10.0,2019
1149,solano,06095,45.0,2019
1150,sonoma,06097,35.0,2019
1151,stanislaus,06099,69.0,2019
1152,sutter,06101,28.0,2019
1153,tehama,06103,19.0,2019
1154,trinity,06105,7.0,2019
1155,tulare,06107,69.0,2019
1156,tuolumne,06109,11.0,2019
1157,ventura,06111,47.0,2019
1158,yolo,06113,28.0,2019
1159,yuba,06115,13.0,2019
1160,alameda,06001,79.0,2020
1161,alpine,06003,0.0,2020
1162,amador,06005,17.0,2020
1163,butte,06007,38.0,2020
1164,calaveras,06009,9.0,2020
1165,colusa,06011,6.0,2020
1166,contra costa,06013,99.0,2020
1167,del norte,06015,4.0,2020
1168,el dorado,06017,15.0,2020
1169,fresno,06019,163.0,2020
1170,glenn,06021,4.0,2020
1171,humboldt,06023,19.0,2020
1172,imperial,06025,28.0,2020
1173,inyo,06027,12.0,2020
1174,kern,06029,197.0,2020
1175,kings,06031,25.0,2020
1176,lake,06033,16.0,2020
1177,lassen,06035,9.0,2020
1178,los angeles,06037,693.0,2020
1179,madera,06039,28.0,2020
1180,marin,06041,9.0,2020
1181,mariposa,06043,1.0,2020
1182,mendocino,06045,20.0,2020
1183,merced,06047,44.0,2020
1184,modoc,06049,7.0,2020
1185,mono,06051,4.0,2020
1186,monterey,06053,48.0,2020
1187,napa,06055,18.0,2020
1188,nevada,06057,11.0,2020
1189,orange,06059,155.0,2020
1190,placer,06061,34.0,2020
1191,plumas,06063,3.0,2020
1192,riverside,06065,289.0,2020
1193,sacramento,06067,148.0,2020
1194,san benito,06069,11.0,2020
1195,san bernardino,06071,340.0,2020
1196,san diego,06073,286.0,2020
1197,san francisco,06075,33.0,2020
1198,san joaquin,06077,115.0,2020
1199,san luis obispo,06079,22.0,2020
1200,san mateo,06081,38.0,2020
1201,santa barbara,06083,25.0,2020
1202,santa clara,06085,86.0,2020
1203,santa cruz,06087,18.0,2020
1204,shasta,06089,37.0,2020
1205,sierra,06091,2.0,2020
1206,siskiyou,06093,5.0,2020
1207,solano,06095,33.0,2020
1208,sonoma,06097,31.0,2020
1209,stanislaus,06099,72.0,2020
1210,sutter,06101,16.0,2020
1211,tehama,06103,18.0,2020
1212,trinity,06105,5.0,2020
1213,tulare,06107,82.0,2020
1214,tuolumne,06109,5.0,2020
1215,ventura,06111,59.0,2020
1216,yolo,06113,26.0,2020
1217,yuba,06115,12.0,2020
1218,alameda,06001,9.0,2021
1219,alpine,06003,0.0,2021
1220,amador,06005,1.0,2021
1221,butte,06007,18.0,2021
1222,calaveras,06009,3.0,2021
1223,colusa,06011,1.0,2021
1224,contra costa,06013,14.0,2021
1225,del norte,06015,2.0,2021
1226,el dorado,06017,6.0,2021
1227,fresno,06019,21.0,2021
1228,glenn,06021,0.0,2021
1229,humboldt,06023,4.0,2021
1230,imperial,06025,11.0,2021
1231,inyo,06027,0.0,2021
1232,kern,06029,36.0,2021
1233,kings,06031,3.0,2021
1234,lake,06033,3.0,2021
1235,lassen,06035,1.0,2021
1236,los angeles,06037,136.0,2021
1237,madera,06039,0.0,2021
1238,marin,06041,1.0,2021
1239,mariposa,06043,0.0,2021
1240,mendocino,06045,3.0,2021
1241,merced,06047,10.0,2021
1242,modoc,06049,0.0,2021
1243,mono,06051,0.0,2021
1244,monterey,06053,6.0,2021
1245,napa,06055,4.0,2021
1246,nevada,06057,4.0,2021
1247,orange,06059,23.0,2021
1248,placer,06061,4.0,2021
1249,plumas,06063,2.0,2021
1250,riverside,06065,38.0,2021
1251,sacramento,06067,33.0,2021
1252,san benito,06069,2.0,2021
1253,san bernardino,06071,68.0,2021
1254,san diego,06073,50.0,2021
1255,san francisco,06075,2.0,2021
1256,san joaquin,06077,27.0,2021
1257,san luis obispo,06079,4.0,2021
1258,san mateo,06081,8.0,2021
1259,santa barbara,06083,7.0,2021
1260,santa clara,06085,8.0,2021
1261,santa cruz,06087,8.0,2021
1262,shasta,06089,7.0,2021
1263,sierra,06091,0.0,2021
1264,siskiyou,06093,6.0,2021
1265,solano,06095,1.0,2021
1266,sonoma,06097,9.0,2021
1267,stanislaus,06099,15.0,2021
1268,sutter,06101,4.0,2021
1269,tehama,06103,1.0,2021
1270,trinity,06105,1.0,2021
1271,tulare,06107,12.0,2021
1272,tuolumne,06109,1.0,2021
1273,ventura,06111,4.0,2021
1274,yolo,06113,8.0,2021
1275,yuba,06115,11.0,2021
